experiment_id,dataset,mode,n,patterns,pattern_hash,runtime_mean_ms,runtime_sd_ms,runtime_median_ms,runtime_iqr_ms,runtime_ci95_lo_ms,runtime_ci95_hi_ms,heap_mean_mb,heap_sd_mb,heap_median_mb,nodes_median,candidates_median,corr_pruned_median,uo_bound_pruned_median,eda_aborts_median,duo_entries_median,lazy_duo_skips_median
journal_bmspos2,BMSPOS2,CORHUOPM_AC,10,14,d2829b3a0ebed8cad4cf5bed75869319124154e61712968f9f03bdc8783de179,8363.6,903.8190821914159,8794.0,1320.75,7717.091696928307,9010.108303071693,396.3087448,0.474860265118484,396.1285785,2359.0,37783.0,2074.0,0.0,0.0,0.0,0.0
journal_bmspos2,BMSPOS2,CORHUOPM_BOND,10,13,ce1ad84a2cba23934fb02a63bbc17491cf7f6c7384a7c653ec4345d92abab2c5,12948.6,962.4542932870457,13158.0,172.0,12260.149507863463,13637.050492136537,470.4162553,0.6883429371627205,470.171364,2325.0,37689.0,2047.0,0.0,0.0,0.0,0.0
journal_bmspos2,BMSPOS2,COUPM_KULC_ADAPTED,10,29,1b5240e478ede855b486c7512195e21ac2c77ca7cc8978d5d35b6a3ed9bce2a5,13098.4,772.0383122329847,13258.0,1100.5,12546.155431388011,13650.644568611988,397.1754585,0.11481523546817038,397.16731649999997,9975.0,59028.0,0.0,4450.0,0.0,0.0,0.0
journal_bmspos2,BMSPOS2,HUOPM,10,327,493dc500c4afa41a50952be2308af25358b87d9e2c91adce8de837765320c117,12706.5,1044.4095886618854,12373.0,1522.75,11959.426294452147,13453.573705547853,397.002942,0.06485310887605383,396.9870375,9975.0,59028.0,0.0,4450.0,0.0,0.0,0.0
journal_bmspos2,BMSPOS2,UOB_EAGER_DUO,10,14,6fd1db885cbf5903b2484038b4f6c4b540aee7f152cab7eb82ead32cdfc57275,8067.9,1131.5460858685537,7404.5,1965.75,7258.496930031,8877.303069968999,470.81240460000004,0.5144666948441016,470.99812299999996,281.0,37675.0,37668.0,0.0,37668.0,251153.0,0.0
journal_bmspos2,BMSPOS2,UOB_FULL,10,14,6fd1db885cbf5903b2484038b4f6c4b540aee7f152cab7eb82ead32cdfc57275,7657.5,1318.726426856188,7111.5,1836.75,6714.205483164351,8600.79451683565,443.549723,1.8696239323521677,443.83265700000004,281.0,37675.0,2034.0,0.0,2034.0,241274.0,35635.0
journal_bmspos2,BMSPOS2,UOB_NO_EDA,10,14,6fd1db885cbf5903b2484038b4f6c4b540aee7f152cab7eb82ead32cdfc57275,11804.2,1405.0903331972804,11049.5,1943.5,10799.128758557206,12809.271241442795,582.1939484,25.49817799299058,581.8057365,2340.0,37749.0,2059.0,0.0,0.0,215358049.0,35684.0
journal_bmspos2,BMSPOS2,UOB_NO_UO_BOUND,10,14,6fd1db885cbf5903b2484038b4f6c4b540aee7f152cab7eb82ead32cdfc57275,7607.8,1177.7286803183679,7087.5,2147.25,6765.362187395556,8450.237812604444,454.9515556,1.8171421633233913,454.460152,281.0,37675.0,2034.0,0.0,2034.0,241274.0,35635.0
journal_bmspos2,BMSPOS2,UOB_POSTFILTER,10,14,6fd1db885cbf5903b2484038b4f6c4b540aee7f152cab7eb82ead32cdfc57275,20648.9,2912.286404184863,19349.0,3729.5,18565.720547024517,22732.079452975486,396.9603004,0.3339048180718591,397.077091,9975.0,59028.0,0.0,4450.0,0.0,0.0,0.0
journal_bmspos2,BMSPOS2,UOB_RECOMPUTE_DUO,10,14,6fd1db885cbf5903b2484038b4f6c4b540aee7f152cab7eb82ead32cdfc57275,17589.8,2334.2151095770455,16618.5,4390.5,15920.119110061278,19259.48088993872,760.1575906,45.59537862072667,755.2964895,2340.0,37749.0,2059.0,0.0,0.0,431738993.0,35684.0
journal_chess,Chess,CORHUOPM_AC,10,3408,7dbf5702be7b814a09e50e5e3ea2bf405a5a6b0a5383c01710a1cafc0bccf9b7,6345.8,255.1369131357602,6415.5,428.5,6163.298727331123,6528.301272668878,309.730265,0.20071395503441983,309.760536,38760.0,39972.0,8638.0,15293.0,0.0,0.0,0.0
journal_chess,Chess,CORHUOPM_BOND,10,453,f603f6ce33d4201128364d4b6f5eb987c005a6f067d56bdd5a93ed0df8ce9861,1147.9,52.673944644809396,1139.5,66.0,1110.2219477886663,1185.578052211334,326.1623002,36.44870988330137,309.328396,8008.0,8163.0,975.0,4086.0,0.0,0.0,0.0
journal_chess,Chess,COUPM_KULC_ADAPTED,10,8007,50ea1a00c838761cc85ac321942e18af566cf56c47e189cc7d8b549d983b20df,11026.3,542.5036712625393,11130.0,782.75,10638.243214268374,11414.356785731625,309.8591454,0.12453194321690644,309.9097175,67746.0,70869.0,0.0,33950.0,0.0,0.0,0.0
journal_chess,Chess,HUOPM,10,11469,5db5b2e39b47aaaa17ce0907085c6afd2797d1dba384ffb81631441e1b1ee08e,11073.8,581.6993878093544,11166.5,941.5,10657.706235749489,11489.89376425051,309.9078957,0.13440007287947492,309.9300115,67746.0,70869.0,0.0,33950.0,0.0,0.0,0.0
journal_chess,Chess,UOB_EAGER_DUO,10,65,3e6d37edd1d2fc11ac320165825850303ac097ebf806401db08c12edffb8d91d,1525.8,94.96525680479151,1527.5,99.5,1457.8706674185592,1593.7293325814408,462.3126922,87.50974010443592,486.0164565,6972.0,10642.0,3014.0,4928.0,3014.0,24326224.0,0.0
journal_chess,Chess,UOB_FULL,10,65,3e6d37edd1d2fc11ac320165825850303ac097ebf806401db08c12edffb8d91d,1443.6,84.44616957302182,1442.5,89.75,1383.1950463236665,1504.0049536763333,387.4147445,85.35521945290878,370.5419385,6972.0,10642.0,2758.0,4928.0,2758.0,22154376.0,946.0
journal_chess,Chess,UOB_NO_EDA,10,65,3e6d37edd1d2fc11ac320165825850303ac097ebf806401db08c12edffb8d91d,1630.2,108.4750867455032,1618.0,88.0,1552.6069887002702,1707.7930112997299,386.0202697,50.44467408262774,370.784294,11131.0,12207.0,4159.0,4928.0,0.0,35442828.0,1110.0
journal_chess,Chess,UOB_NO_UO_BOUND,10,65,3e6d37edd1d2fc11ac320165825850303ac097ebf806401db08c12edffb8d91d,3869.5,167.55778439425342,3861.5,285.25,3749.6447092790645,3989.3552907209355,328.0435859,30.034812751987843,309.7599715,27802.0,38830.0,9750.0,0.0,9750.0,88725944.0,1312.0
journal_chess,Chess,UOB_POSTFILTER,10,65,3e6d37edd1d2fc11ac320165825850303ac097ebf806401db08c12edffb8d91d,15596.1,688.4274269828463,15516.5,1295.25,15103.66290016852,16088.537099831481,309.93986440000003,0.0721532960965784,309.9294205,67746.0,70869.0,0.0,33950.0,0.0,0.0,0.0
journal_chess,Chess,UOB_RECOMPUTE_DUO,10,65,3e6d37edd1d2fc11ac320165825850303ac097ebf806401db08c12edffb8d91d,4856.2,270.62429881869645,4852.0,468.75,4662.620488738709,5049.77951126129,346.5493219,96.91997891054118,309.79894249999995,11131.0,12207.0,4159.0,4928.0,0.0,184600077.0,1110.0
journal_foodmart,Foodmart,CORHUOPM_AC,10,437,3ff565168ca55cad81f3522c75b79511b1b399758e4f71b27cc2076130a685a9,855.6,44.776481922247235,846.5,32.5,823.5710597889971,887.6289402110029,336.4520858,45.372445285237774,310.0289,1559.0,1214358.0,0.0,4.0,0.0,0.0,0.0
journal_foodmart,Foodmart,CORHUOPM_BOND,10,437,3ff565168ca55cad81f3522c75b79511b1b399758e4f71b27cc2076130a685a9,866.2,46.08880317146213,853.5,35.5,833.2323469418886,899.1676530581115,364.4851013,44.729865999380536,369.28652950000003,1559.0,1214358.0,0.0,4.0,0.0,0.0,0.0
journal_foodmart,Foodmart,COUPM_KULC_ADAPTED,10,437,3ff565168ca55cad81f3522c75b79511b1b399758e4f71b27cc2076130a685a9,860.0,48.842149374854046,846.0,56.25,825.0628585599795,894.9371414400205,340.7656228,45.06381765710862,309.528519,1559.0,1214358.0,0.0,4.0,0.0,0.0,0.0
journal_foodmart,Foodmart,HUOPM,10,437,3ff565168ca55cad81f3522c75b79511b1b399758e4f71b27cc2076130a685a9,873.4,31.443776985456296,871.0,34.75,850.9080397154894,895.8919602845106,358.4930596,54.6933313417509,348.6188165,1559.0,1214358.0,0.0,4.0,0.0,0.0,0.0
journal_foodmart,Foodmart,UOB_EAGER_DUO,10,437,3ff565168ca55cad81f3522c75b79511b1b399758e4f71b27cc2076130a685a9,1010.8,83.57139329805253,1010.5,128.25,951.0207800974284,1070.5792199025714,525.626319,184.96351370806582,495.4068985,1559.0,1214358.0,1214358.0,4.0,1214358.0,0.0,0.0
journal_foodmart,Foodmart,UOB_FULL,10,437,3ff565168ca55cad81f3522c75b79511b1b399758e4f71b27cc2076130a685a9,867.0,50.53931363030391,861.0,85.25,830.8488647370515,903.1511352629485,351.35196229999997,57.09291782749032,309.0293615,1559.0,1214358.0,0.0,4.0,0.0,0.0,1214358.0
journal_foodmart,Foodmart,UOB_NO_EDA,10,437,3ff565168ca55cad81f3522c75b79511b1b399758e4f71b27cc2076130a685a9,853.7,40.901100229700425,853.5,28.0,824.4431482425057,882.9568517574944,357.1336389,43.47184092291041,378.8105815,1559.0,1214358.0,0.0,4.0,0.0,0.0,1214358.0
journal_foodmart,Foodmart,UOB_NO_UO_BOUND,10,437,3ff565168ca55cad81f3522c75b79511b1b399758e4f71b27cc2076130a685a9,844.1,58.75835637970521,833.0,70.75,802.0697242259821,886.130275774018,322.0035577,29.763110964344836,308.697632,1559.0,1214461.0,0.0,0.0,0.0,0.0,1214461.0
journal_foodmart,Foodmart,UOB_POSTFILTER,10,437,3ff565168ca55cad81f3522c75b79511b1b399758e4f71b27cc2076130a685a9,882.4,55.2754717553616,883.5,48.0,842.8610566979844,921.9389433020156,364.76455,50.7038990530073,383.63676799999996,1559.0,1214358.0,0.0,4.0,0.0,0.0,0.0
journal_foodmart,Foodmart,UOB_RECOMPUTE_DUO,10,437,3ff565168ca55cad81f3522c75b79511b1b399758e4f71b27cc2076130a685a9,868.6,37.34285592839531,864.5,44.75,841.8883860345355,895.3116139654645,363.5221221,43.195226410638014,370.202961,1559.0,1214358.0,0.0,4.0,0.0,0.0,1214358.0
journal_kosarak,Kosarak,CORHUOPM_AC,10,3,0510c7d8959f09ff10c131a6f5f9013c28a3e1797cfa99b32ff2364567a2755d,1084.9,260.0048931163497,1192.0,62.0,898.9166261687891,1270.8833738312112,362.5045395,0.6167151362314204,362.6811905,28.0,56.0,13.0,1.0,0.0,0.0,0.0
journal_kosarak,Kosarak,CORHUOPM_BOND,10,2,613dc7b23dcac1c88757d1ecccaa1d72916bd5ea2721e7a3a845462b68e1bc11,1604.6,51.618687399902846,1615.5,50.75,1567.6767809009018,1641.523219099098,377.8481019,0.5144238132572211,377.7018395,27.0,55.0,13.0,1.0,0.0,0.0,0.0
journal_kosarak,Kosarak,COUPM_KULC_ADAPTED,10,4,cbe904d9e0961dc7ccd577b986c4044a8d2701a41bcef280aa8d730af177a888,1023.4,287.88701487447,1047.0,558.5,817.4723435362797,1229.3276564637204,398.91528170000004,0.6000837567756829,398.714977,30.0,59.0,0.0,10.0,0.0,0.0,0.0
journal_kosarak,Kosarak,HUOPM,10,5,f79b72805735446cd348b93550098c820ea725a51e157a3e7e32cb12764ebdfb,1033.9,288.3888000599191,1043.5,549.0,827.6134129768977,1240.1865870231024,398.7043707,0.07170442003895541,398.7008285,30.0,59.0,0.0,10.0,0.0,0.0,0.0
journal_kosarak,Kosarak,UOB_EAGER_DUO,10,2,613dc7b23dcac1c88757d1ecccaa1d72916bd5ea2721e7a3a845462b68e1bc11,1230.2,193.20846542300137,1265.0,95.0,1091.9965922816664,1368.4034077183337,444.6165512,3.8292326880080734,444.2197495,14.0,55.0,52.0,1.0,52.0,1527348.0,0.0
journal_kosarak,Kosarak,UOB_FULL,10,2,613dc7b23dcac1c88757d1ecccaa1d72916bd5ea2721e7a3a845462b68e1bc11,1279.2,49.13654444504619,1265.0,43.5,1244.0522756446453,1314.3477243553548,411.4715621,5.424178286228806,412.9044495,14.0,55.0,13.0,1.0,13.0,1527348.0,39.0
journal_kosarak,Kosarak,UOB_NO_EDA,10,2,613dc7b23dcac1c88757d1ecccaa1d72916bd5ea2721e7a3a845462b68e1bc11,1411.7,201.99232658692756,1446.0,184.5,1267.2134330881934,1556.1865669118067,337.4637009,4.69517798343787,338.94003299999997,27.0,55.0,13.0,1.0,0.0,8514448.0,39.0
journal_kosarak,Kosarak,UOB_NO_UO_BOUND,10,2,613dc7b23dcac1c88757d1ecccaa1d72916bd5ea2721e7a3a845462b68e1bc11,953.7,78.81631246836604,934.5,52.25,897.3221236834873,1010.0778763165127,389.8233124,7.732810964223952,394.1240235,14.0,55.0,13.0,0.0,13.0,1527348.0,39.0
journal_kosarak,Kosarak,UOB_POSTFILTER,10,2,613dc7b23dcac1c88757d1ecccaa1d72916bd5ea2721e7a3a845462b68e1bc11,1673.2,280.4376738045174,1543.0,542.5,1472.6009108890073,1873.7990891109928,398.9129793,0.6185346338920839,398.72126049999997,30.0,59.0,0.0,10.0,0.0,0.0,0.0
journal_kosarak,Kosarak,UOB_RECOMPUTE_DUO,10,2,613dc7b23dcac1c88757d1ecccaa1d72916bd5ea2721e7a3a845462b68e1bc11,1586.3,54.99505028232591,1589.0,68.0,1546.9616441985686,1625.6383558014313,326.5178977,3.068649918373765,327.89264649999996,27.0,55.0,13.0,1.0,0.0,17028896.0,39.0
journal_mushroom,Mushroom,CORHUOPM_AC,10,0,e3b0c44298fc1c149afbf4c8996fb92427ae41e4649b934ca495991b7852b855,134.0,28.682166352398603,134.0,26.25,113.48343970349805,154.51656029650195,242.7173035,0.02513443786366207,242.7048835,1328.0,1860.0,1117.0,46.0,0.0,0.0,0.0
journal_mushroom,Mushroom,CORHUOPM_BOND,10,0,e3b0c44298fc1c149afbf4c8996fb92427ae41e4649b934ca495991b7852b855,170.9,37.87831393642894,158.0,72.25,143.80536906248767,197.99463093751234,227.7235419,0.03550691632923264,227.707771,860.0,1356.0,727.0,34.0,0.0,0.0,0.0
journal_mushroom,Mushroom,COUPM_KULC_ADAPTED,10,3086,6c7cc5cbeedb3573b322b581e254b220d7dda5552f39f5534868e9a7be353ba8,6652.3,210.3230583861144,6613.5,97.5,6501.8544005949,6802.745599405101,311.489279,0.20840390460352773,311.51445,48106.0,49056.0,0.0,3781.0,0.0,0.0,0.0
journal_mushroom,Mushroom,HUOPM,10,31025,7adb19cf5294bc4690c31f0e6b4eb8a6b8689775d5cdf8e9835252305143471a,6718.8,459.2587747906644,6596.5,341.75,6390.288888638208,7047.311111361792,311.5717611,0.26399919133859656,311.632465,48106.0,49056.0,0.0,3781.0,0.0,0.0,0.0
journal_mushroom,Mushroom,UOB_EAGER_DUO,10,6,3b9801adc9cdaffe96313b9dee5ab95553ce0e0fddff9abe9a0d4709c1a337c7,511.7,46.079761766359475,504.5,57.25,478.7388143241175,544.6611856758825,309.4554154,0.4265457649118914,309.226181,966.0,2944.0,1808.0,380.0,1808.0,7456927.0,0.0
journal_mushroom,Mushroom,UOB_FULL,10,6,3b9801adc9cdaffe96313b9dee5ab95553ce0e0fddff9abe9a0d4709c1a337c7,439.6,24.088724886690592,436.5,29.25,422.36916148761185,456.8308385123882,308.53067550000003,2.197738684877115,308.74242000000004,966.0,2944.0,1306.0,380.0,1306.0,6452544.0,715.0
journal_mushroom,Mushroom,UOB_NO_EDA,10,6,3b9801adc9cdaffe96313b9dee5ab95553ce0e0fddff9abe9a0d4709c1a337c7,661.7,103.0868565822045,647.5,133.5,587.9612285675983,735.4387714324018,395.28704,139.60402564483437,309.961109,3155.0,3864.0,2189.0,380.0,0.0,23561136.0,752.0
journal_mushroom,Mushroom,UOB_NO_UO_BOUND,10,6,3b9801adc9cdaffe96313b9dee5ab95553ce0e0fddff9abe9a0d4709c1a337c7,416.3,60.369326280451034,393.5,62.75,373.11738584615335,459.48261415384667,380.7707215,119.62177127399298,310.1875915,1240.0,3573.0,1647.0,0.0,1647.0,8666851.0,729.0
journal_mushroom,Mushroom,UOB_POSTFILTER,10,6,3b9801adc9cdaffe96313b9dee5ab95553ce0e0fddff9abe9a0d4709c1a337c7,40111.7,716.1727057382489,40085.5,531.75,39599.41650232204,40623.98349767795,311.7519593,0.02109084569216998,311.742203,48106.0,49056.0,0.0,3781.0,0.0,0.0,0.0
journal_mushroom,Mushroom,UOB_RECOMPUTE_DUO,10,6,3b9801adc9cdaffe96313b9dee5ab95553ce0e0fddff9abe9a0d4709c1a337c7,1312.5,60.489209322361326,1317.0,57.0,1269.2316326423102,1355.7683673576898,463.4253157,102.94124764303132,434.9430425,3155.0,3864.0,2189.0,380.0,0.0,74256065.0,752.0
journal_pumsb,Pumsb,CORHUOPM_AC,10,2,8b614d53911b4ef41f0ce409125eaa655cd8111f69ad3d2ab0c3f3cab579e52d,57756.8,2170.8511797091123,57540.5,3276.5,56203.974506415565,59309.62549358444,1178.7514799,507.57009099904343,1118.0478779999999,17630.0,21080.0,0.0,15693.0,0.0,0.0,0.0
journal_pumsb,Pumsb,CORHUOPM_BOND,10,2,8b614d53911b4ef41f0ce409125eaa655cd8111f69ad3d2ab0c3f3cab579e52d,87662.5,2931.387242700402,87529.0,3174.75,85565.65757957977,89759.34242042023,800.6178993,417.11635758806375,602.150341,17630.0,21080.0,0.0,15693.0,0.0,0.0,0.0
journal_pumsb,Pumsb,COUPM_KULC_ADAPTED,10,2,8b614d53911b4ef41f0ce409125eaa655cd8111f69ad3d2ab0c3f3cab579e52d,57089.8,2610.446653991101,57212.0,5059.75,55222.52869561573,58957.07130438428,1032.7102775,478.919763451645,849.8339115,17630.0,21080.0,0.0,15693.0,0.0,0.0,0.0
journal_pumsb,Pumsb,HUOPM,10,2,8b614d53911b4ef41f0ce409125eaa655cd8111f69ad3d2ab0c3f3cab579e52d,58322.9,3146.97493016883,57695.5,5484.75,56071.84615305132,60573.95384694868,1135.3859749,390.26799104818593,1080.3860895,17630.0,21080.0,0.0,15693.0,0.0,0.0,0.0
journal_pumsb,Pumsb,UOB_EAGER_DUO,10,0,e3b0c44298fc1c149afbf4c8996fb92427ae41e4649b934ca495991b7852b855,8951.8,382.10318559839885,8871.5,597.0,8678.47883762694,9225.121162373058,640.9153276,116.9623086059197,623.6879235,1497.0,2420.0,752.0,1291.0,752.0,81291002.0,0.0
journal_pumsb,Pumsb,UOB_FULL,10,0,e3b0c44298fc1c149afbf4c8996fb92427ae41e4649b934ca495991b7852b855,8786.0,716.1689744745998,8641.5,488.5,8273.719171321824,9298.280828678176,677.8061150999999,144.42740296488975,652.046036,1497.0,2420.0,616.0,1291.0,616.0,71364311.0,341.0
journal_pumsb,Pumsb,UOB_NO_EDA,10,0,e3b0c44298fc1c149afbf4c8996fb92427ae41e4649b934ca495991b7852b855,9637.1,493.2798281795931,9489.0,358.0,9284.253383968558,9989.946616031442,870.9038704,365.6308630088699,773.6550065,2521.0,2879.0,1024.0,1291.0,0.0,121467497.0,392.0
journal_pumsb,Pumsb,UOB_NO_UO_BOUND,10,0,e3b0c44298fc1c149afbf4c8996fb92427ae41e4649b934ca495991b7852b855,124858.4,4410.666797662231,123969.0,7557.75,121703.41825314709,128013.3817468529,1207.0173316999999,248.55923229842062,1157.496456,53439.0,73830.0,18589.0,0.0,18589.0,2618826820.0,1836.0
journal_pumsb,Pumsb,UOB_POSTFILTER,10,0,e3b0c44298fc1c149afbf4c8996fb92427ae41e4649b934ca495991b7852b855,57341.6,1887.8427547512179,57727.5,3361.75,55991.21247235327,58691.98752764673,728.3580460000001,178.32058572373245,671.5076025000001,17630.0,21080.0,0.0,15693.0,0.0,0.0,0.0
journal_pumsb,Pumsb,UOB_RECOMPUTE_DUO,10,0,e3b0c44298fc1c149afbf4c8996fb92427ae41e4649b934ca495991b7852b855,17580.1,707.4364439454771,17464.0,1184.5,17074.065613342293,18086.134386657704,1065.0773278,247.0517560274593,976.094044,2521.0,2879.0,1024.0,1291.0,0.0,495257269.0,392.0
journal_retail,Retail,CORHUOPM_AC,10,0,e3b0c44298fc1c149afbf4c8996fb92427ae41e4649b934ca495991b7852b855,60.9,9.182713227702486,60.0,6.25,54.33153905088871,67.46846094911129,17.1981833,0.03104817118625666,17.198680500000002,13.0,15.0,6.0,0.0,0.0,0.0,0.0
journal_retail,Retail,CORHUOPM_BOND,10,0,e3b0c44298fc1c149afbf4c8996fb92427ae41e4649b934ca495991b7852b855,76.2,12.200182148002728,73.0,19.5,67.4731217861139,84.92687821388611,20.7640512,0.02812386350414886,20.76825,13.0,15.0,6.0,0.0,0.0,0.0,0.0
journal_retail,Retail,COUPM_KULC_ADAPTED,10,0,e3b0c44298fc1c149afbf4c8996fb92427ae41e4649b934ca495991b7852b855,66.3,15.656379601370881,64.0,23.75,55.10087883983748,77.49912116016252,19.7346992,0.03465741854142521,19.745365,16.0,18.0,0.0,3.0,0.0,0.0,0.0
journal_retail,Retail,HUOPM,10,0,e3b0c44298fc1c149afbf4c8996fb92427ae41e4649b934ca495991b7852b855,64.3,10.667187487284963,65.5,11.0,56.669683914804054,71.93031608519594,19.7567597,0.0353412899407732,19.76923,16.0,18.0,0.0,3.0,0.0,0.0,0.0
journal_retail,Retail,UOB_EAGER_DUO,10,0,e3b0c44298fc1c149afbf4c8996fb92427ae41e4649b934ca495991b7852b855,70.0,13.424687043734846,65.0,24.0,60.397224609520435,79.60277539047956,27.476333,0.03859080958812161,27.475899,7.0,15.0,14.0,0.0,14.0,63681.0,0.0
journal_retail,Retail,UOB_FULL,10,0,e3b0c44298fc1c149afbf4c8996fb92427ae41e4649b934ca495991b7852b855,66.2,21.096603202095512,69.5,35.25,51.10944769201605,81.29055230798396,25.7277748,0.03965287367700412,25.709404,7.0,15.0,6.0,0.0,6.0,63681.0,8.0
journal_retail,Retail,UOB_NO_EDA,10,0,e3b0c44298fc1c149afbf4c8996fb92427ae41e4649b934ca495991b7852b855,81.6,10.500793620801558,82.0,12.0,74.08870664665531,89.11129335334468,31.7392449,0.0334949487251435,31.747185,13.0,15.0,6.0,0.0,0.0,378373.0,8.0
journal_retail,Retail,UOB_NO_UO_BOUND,10,0,e3b0c44298fc1c149afbf4c8996fb92427ae41e4649b934ca495991b7852b855,32.0,9.649409884086753,27.5,11.0,25.09770756922021,38.902292430779795,23.3872909,0.1412151374561756,23.419731,7.0,15.0,6.0,0.0,6.0,63681.0,8.0
journal_retail,Retail,UOB_POSTFILTER,10,0,e3b0c44298fc1c149afbf4c8996fb92427ae41e4649b934ca495991b7852b855,59.5,15.671984912930178,57.0,13.25,48.28971624801584,70.71028375198415,19.7220201,0.06241443666946469,19.742432,16.0,18.0,0.0,3.0,0.0,0.0,0.0
journal_retail,Retail,UOB_RECOMPUTE_DUO,10,0,e3b0c44298fc1c149afbf4c8996fb92427ae41e4649b934ca495991b7852b855,62.6,16.886549545586735,62.5,19.5,50.52092941323713,74.67907058676288,46.7523377,0.03134051452477724,46.760338,13.0,15.0,6.0,0.0,0.0,756746.0,8.0
journal_t10n_100k,T10I4N4KD100K,CORHUOPM_AC,10,35,69912d343dddd334ef7de47e4ad31c0f6f785b4aeeda99cee372ba094cb22760,9348.9,433.95940670374534,9195.0,241.5,9038.485708956498,9659.314291043502,326.3931038,0.8394036057137743,326.6509055,1251.0,767660.0,7.0,25.0,0.0,0.0,0.0
journal_t10n_100k,T10I4N4KD100K,CORHUOPM_BOND,10,35,69912d343dddd334ef7de47e4ad31c0f6f785b4aeeda99cee372ba094cb22760,8822.5,384.88822331222923,8803.0,387.25,8547.186680079223,9097.813319920777,325.4902252,0.4454497799714685,325.2563325,1248.0,767657.0,7.0,25.0,0.0,0.0,0.0
journal_t10n_100k,T10I4N4KD100K,COUPM_KULC_ADAPTED,10,39,000730bcbd10c6ead03c91b56573d4b6676be73177757d0fd8b90c621e7303a9,9283.3,437.37424859419116,9145.0,292.5,8970.443047942417,9596.156952057581,325.9162301,0.7670995915794981,325.77516149999997,1251.0,767660.0,0.0,28.0,0.0,0.0,0.0
journal_t10n_100k,T10I4N4KD100K,HUOPM,10,39,000730bcbd10c6ead03c91b56573d4b6676be73177757d0fd8b90c621e7303a9,9387.8,529.7521013539152,9345.0,192.5,9008.864504121137,9766.735495878862,325.9707848,0.7507449691459561,326.1091195,1251.0,767660.0,0.0,28.0,0.0,0.0,0.0
journal_t10n_100k,T10I4N4KD100K,UOB_EAGER_DUO,10,36,fa135f14b7f35d2007bcf51444ff12b665d41878ed0670a1d09f8565fa571d32,8739.1,557.945925297027,8640.0,425.25,8339.99725866935,9138.202741330651,325.5223305,0.6015984673026963,325.312088,1242.0,767655.0,767573.0,25.0,767573.0,62662.0,0.0
journal_t10n_100k,T10I4N4KD100K,UOB_FULL,10,36,fa135f14b7f35d2007bcf51444ff12b665d41878ed0670a1d09f8565fa571d32,8516.9,448.5357535606523,8476.0,459.5,8196.059143001954,8837.740856998045,325.78107769999997,0.8227712535374322,325.30757900000003,1242.0,767655.0,4.0,25.0,4.0,2762.0,767649.0
journal_t10n_100k,T10I4N4KD100K,UOB_NO_EDA,10,36,fa135f14b7f35d2007bcf51444ff12b665d41878ed0670a1d09f8565fa571d32,8689.8,440.90457521378073,8632.0,697.5,8374.417779869314,9005.182220130684,326.0414925,0.7309815116215336,326.18823999999995,1247.0,767656.0,5.0,25.0,0.0,10611.0,767649.0
journal_t10n_100k,T10I4N4KD100K,UOB_NO_UO_BOUND,10,36,fa135f14b7f35d2007bcf51444ff12b665d41878ed0670a1d09f8565fa571d32,8451.1,448.17096192313835,8350.5,312.5,8130.520081089224,8771.679918910777,326.1315687,0.9301211273113338,325.7642515,1242.0,768180.0,4.0,0.0,4.0,2762.0,768174.0
journal_t10n_100k,T10I4N4KD100K,UOB_POSTFILTER,10,36,fa135f14b7f35d2007bcf51444ff12b665d41878ed0670a1d09f8565fa571d32,9266.8,564.714834624029,9155.5,517.0,8862.855409046042,9670.744590953957,325.900238,0.7648218484912355,325.76568199999997,1251.0,767660.0,0.0,28.0,0.0,0.0,0.0
journal_t10n_100k,T10I4N4KD100K,UOB_RECOMPUTE_DUO,10,36,fa135f14b7f35d2007bcf51444ff12b665d41878ed0670a1d09f8565fa571d32,8262.2,369.62076661236324,8193.0,278.0,7997.807601885078,8526.592398114924,325.7438506,0.6411492106583516,325.38951099999997,1247.0,767656.0,5.0,25.0,0.0,22363.0,767649.0
journal_t10n_500k,T10I4N4KD500K,CORHUOPM_AC,10,36,142a39ca500007fee15673b72d4957b6e6c32792ab136385f386624790d99308,34893.9,10614.477895256501,41261.5,20480.5,27301.287465845817,42486.512534154186,402.8494103,0.9366456756220827,402.23465350000004,1244.0,759059.0,7.0,24.0,0.0,0.0,0.0
journal_t10n_500k,T10I4N4KD500K,CORHUOPM_BOND,10,36,142a39ca500007fee15673b72d4957b6e6c32792ab136385f386624790d99308,34759.8,10626.984873947602,41520.0,20868.75,27158.241133853655,42361.35886614635,403.2817483,0.944157046763481,403.511715,1242.0,759057.0,7.0,24.0,0.0,0.0,0.0
journal_t10n_500k,T10I4N4KD500K,COUPM_KULC_ADAPTED,10,40,178383764abbd948d6e943a7b22609307d4ba2f72feb5489d0183366b8104a29,32137.0,10552.25779947906,28062.0,20318.5,24588.893948758854,39685.10605124115,402.7316118,0.8093096783254753,402.382969,1244.0,759059.0,0.0,27.0,0.0,0.0,0.0
journal_t10n_500k,T10I4N4KD500K,HUOPM,10,40,178383764abbd948d6e943a7b22609307d4ba2f72feb5489d0183366b8104a29,34357.8,12554.765556464117,33233.5,21285.75,25377.285718654544,43338.31428134546,402.9734511,0.7291911009432064,402.7348785,1244.0,759059.0,0.0,27.0,0.0,0.0,0.0
journal_t10n_500k,T10I4N4KD500K,UOB_EAGER_DUO,10,37,8aa6ae5193bfe126db1fbcbd603d4af947beb712313ccd92b1d99bdb1e6bebdd,36502.5,10739.345120216181,42872.0,18583.75,28820.569039947768,44184.43096005223,408.7618256,19.54706728275397,402.3228305,1235.0,759054.0,758975.0,24.0,758975.0,306256.0,0.0
journal_t10n_500k,T10I4N4KD500K,UOB_FULL,10,37,8aa6ae5193bfe126db1fbcbd603d4af947beb712313ccd92b1d99bdb1e6bebdd,33129.7,13443.617891442434,24905.0,20693.0,23513.383237725684,42746.01676227431,402.81092060000003,0.7408879673453731,402.433979,1235.0,759054.0,4.0,24.0,4.0,13784.0,759048.0
journal_t10n_500k,T10I4N4KD500K,UOB_NO_EDA,10,37,8aa6ae5193bfe126db1fbcbd603d4af947beb712313ccd92b1d99bdb1e6bebdd,26979.2,8529.64289730558,23235.5,2181.75,20877.884964723216,33080.51503527678,402.6885033,0.6852616819629481,402.38271699999996,1240.0,759055.0,5.0,24.0,0.0,52789.0,759048.0
journal_t10n_500k,T10I4N4KD500K,UOB_NO_UO_BOUND,10,37,8aa6ae5193bfe126db1fbcbd603d4af947beb712313ccd92b1d99bdb1e6bebdd,29384.0,10051.549189608093,24104.5,14217.0,22194.054425871363,36573.94557412864,402.871585,0.8171251821356441,402.482685,1235.0,759528.0,4.0,0.0,4.0,13784.0,759522.0
journal_t10n_500k,T10I4N4KD500K,UOB_POSTFILTER,10,37,8aa6ae5193bfe126db1fbcbd603d4af947beb712313ccd92b1d99bdb1e6bebdd,32486.2,10866.53784995223,29068.5,18199.75,24713.2871637239,40259.1128362761,402.623356,0.7919812440326874,402.17713200000003,1244.0,759059.0,0.0,27.0,0.0,0.0,0.0
journal_t10n_500k,T10I4N4KD500K,UOB_RECOMPUTE_DUO,10,37,8aa6ae5193bfe126db1fbcbd603d4af947beb712313ccd92b1d99bdb1e6bebdd,36555.6,12966.508869648247,41606.0,20404.5,27280.56275941101,45830.637240588985,402.9666406,0.7234663904104941,402.93021,1240.0,759055.0,5.0,24.0,0.0,111196.0,759048.0
